{"cameraMode":{"drawMode":0,"name":"Shaded","section":"Shading Mode"},"sceneLighting":true,"audioPlay":false,"sceneViewState":{"showFog":true,"showMaterialUpdate":false,"showSkybox":true,"showFlares":true,"showImageEffects":true,"showParticleSystems":true},"in2DMode":false,"pivot":{"x":138.75177001953126,"y":39.6561393737793,"z":86.77113342285156},"rotation":{"x":-0.008860677480697632,"y":0.9402796626091003,"z":-0.3395061790943146,"w":-0.024525994434952737},"size":12.657833099365235,"orthographic":false}