{"cameraMode":{"drawMode":0,"name":"Shaded","section":"Shading Mode"},"sceneLighting":true,"audioPlay":false,"sceneViewState":{"showFog":true,"showMaterialUpdate":false,"showSkybox":true,"showFlares":true,"showImageEffects":true,"showParticleSystems":true},"in2DMode":false,"pivot":{"x":156.082275390625,"y":28.450984954833986,"z":78.10786437988281},"rotation":{"x":0.18342570960521699,"y":-0.6603207588195801,"z":0.17104607820510865,"w":0.7079076766967773},"size":23.52216148376465,"orthographic":false}